{
    "name": {
        "type": "char",
        "change_default": false,
        "company_dependent": false,
        "depends": [],
        "manual": false,
        "readonly": true,
        "required": false,
        "searchable": true,
        "sortable": true,
        "store": true,
        "string": "Name",
        "translate": false,
        "trim": true,
        "name": "name",
        "states": []
    },
    "active": {
        "type": "boolean",
        "change_default": false,
        "company_dependent": false,
        "depends": [],
        "manual": false,
        "readonly": true,
        "required": false,
        "searchable": true,
        "sortable": true,
        "store": true,
        "string": "Active",
        "name": "active",
        "states": []
    },
    "color": {
        "type": "integer",
        "change_default": false,
        "company_dependent": false,
        "depends": [],
        "group_operator": "sum",
        "manual": false,
        "readonly": true,
        "required": false,
        "searchable": true,
        "sortable": true,
        "store": true,
        "string": "Color Index",
        "name": "color",
        "states": []
    },
    "department_id": {
        "type": "many2one",
        "change_default": false,
        "company_dependent": false,
        "context": [],
        "depends": [],
        "domain": "['|', ('company_id', '=', False), ('company_id', '=', company_id)]",
        "manual": false,
        "readonly": true,
        "relation": "hr.department",
        "required": false,
        "searchable": true,
        "sortable": true,
        "store": true,
        "string": "Department",
        "name": "department_id",
        "states": []
    },
    "job_id": {
        "type": "many2one",
        "change_default": false,
        "company_dependent": false,
        "context": [],
        "depends": [],
        "domain": "['|', ('company_id', '=', False), ('company_id', '=', company_id)]",
        "manual": false,
        "readonly": true,
        "relation": "hr.job",
        "required": false,
        "searchable": true,
        "sortable": true,
        "store": true,
        "string": "Job Position",
        "name": "job_id",
        "states": []
    },
    "job_title": {
        "type": "char",
        "change_default": false,
        "company_dependent": false,
        "depends": [
            "job_id"
        ],
        "manual": false,
        "readonly": true,
        "required": false,
        "searchable": true,
        "sortable": true,
        "store": true,
        "string": "Job Title",
        "translate": false,
        "trim": true,
        "name": "job_title",
        "states": []
    },
    "company_id": {
        "type": "many2one",
        "change_default": false,
        "company_dependent": false,
        "context": [],
        "depends": [],
        "domain": [],
        "manual": false,
        "readonly": true,
        "relation": "res.company",
        "required": false,
        "searchable": true,
        "sortable": true,
        "store": true,
        "string": "Company",
        "name": "company_id",
        "states": []
    },
    "address_id": {
        "type": "many2one",
        "change_default": false,
        "company_dependent": false,
        "context": [],
        "depends": [
            "company_id"
        ],
        "domain": "['|', ('company_id', '=', False), ('company_id', '=', company_id)]",
        "manual": false,
        "readonly": true,
        "relation": "res.partner",
        "required": false,
        "searchable": true,
        "sortable": true,
        "store": true,
        "string": "Work Address",
        "name": "address_id",
        "states": []
    },
    "work_phone": {
        "type": "char",
        "change_default": false,
        "company_dependent": false,
        "depends": [
            "address_id"
        ],
        "manual": false,
        "readonly": true,
        "required": false,
        "searchable": true,
        "sortable": true,
        "store": true,
        "string": "Work Phone",
        "translate": false,
        "trim": true,
        "name": "work_phone",
        "states": []
    },
    "mobile_phone": {
        "type": "char",
        "change_default": false,
        "company_dependent": false,
        "depends": [],
        "manual": false,
        "readonly": true,
        "required": false,
        "searchable": true,
        "sortable": true,
        "store": true,
        "string": "Work Mobile",
        "translate": false,
        "trim": true,
        "name": "mobile_phone",
        "states": []
    },
    "work_email": {
        "type": "char",
        "change_default": false,
        "company_dependent": false,
        "depends": [],
        "manual": false,
        "readonly": true,
        "required": false,
        "searchable": true,
        "sortable": true,
        "store": true,
        "string": "Work Email",
        "translate": false,
        "trim": true,
        "name": "work_email",
        "states": []
    },
    "work_location_id": {
        "type": "many2one",
        "change_default": false,
        "company_dependent": false,
        "context": [],
        "depends": [
            "address_id"
        ],
        "domain": "[('address_id', '=', address_id), '|', ('company_id', '=', False), ('company_id', '=', company_id)]",
        "manual": false,
        "readonly": true,
        "relation": "hr.work.location",
        "required": false,
        "searchable": true,
        "sortable": true,
        "store": true,
        "string": "Work Location",
        "name": "work_location_id",
        "states": []
    },
    "user_id": {
        "type": "many2one",
        "change_default": false,
        "company_dependent": false,
        "context": [],
        "depends": [],
        "domain": [],
        "manual": false,
        "readonly": true,
        "relation": "res.users",
        "required": false,
        "searchable": true,
        "sortable": true,
        "store": true,
        "string": "User",
        "name": "user_id",
        "states": []
    },
    "resource_id": {
        "type": "many2one",
        "change_default": false,
        "company_dependent": false,
        "context": [],
        "depends": [],
        "domain": [],
        "manual": false,
        "readonly": true,
        "relation": "resource.resource",
        "required": false,
        "searchable": true,
        "sortable": true,
        "store": true,
        "string": "Resource",
        "name": "resource_id",
        "states": []
    },
    "resource_calendar_id": {
        "type": "many2one",
        "change_default": false,
        "company_dependent": false,
        "context": [],
        "depends": [],
        "domain": "['|', ('company_id', '=', False), ('company_id', '=', company_id)]",
        "manual": false,
        "readonly": true,
        "relation": "resource.calendar",
        "required": false,
        "searchable": true,
        "sortable": true,
        "store": true,
        "string": "Resource Calendar",
        "name": "resource_calendar_id",
        "states": []
    },
    "parent_id": {
        "type": "many2one",
        "change_default": false,
        "company_dependent": false,
        "context": [],
        "depends": [
            "department_id"
        ],
        "domain": "['|', ('company_id', '=', False), ('company_id', '=', company_id)]",
        "manual": false,
        "readonly": true,
        "relation": "hr.employee.public",
        "required": false,
        "searchable": true,
        "sortable": true,
        "store": true,
        "string": "Manager",
        "name": "parent_id",
        "states": []
    },
    "coach_id": {
        "type": "many2one",
        "change_default": false,
        "company_dependent": false,
        "context": [],
        "depends": [
            "parent_id"
        ],
        "domain": "['|', ('company_id', '=', False), ('company_id', '=', company_id)]",
        "help": "Select the \"Employee\" who is the coach of this employee.\nThe \"Coach\" has no specific rights or responsibilities by default.",
        "manual": false,
        "readonly": true,
        "relation": "hr.employee.public",
        "required": false,
        "searchable": true,
        "sortable": true,
        "store": true,
        "string": "Coach",
        "name": "coach_id",
        "states": []
    },
    "tz": {
        "type": "selection",
        "change_default": false,
        "company_dependent": false,
        "depends": [
            "resource_id.tz"
        ],
        "help": "This field is used in order to define in which timezone the resources will work.",
        "manual": false,
        "readonly": true,
        "related": "resource_id.tz",
        "required": false,
        "searchable": true,
        "selection": [
            [
                "Africa/Abidjan",
                "Africa/Abidjan"
            ],
            [
                "Africa/Accra",
                "Africa/Accra"
            ],
            [
                "Africa/Addis_Ababa",
                "Africa/Addis_Ababa"
            ],
            [
                "Africa/Algiers",
                "Africa/Algiers"
            ],
            [
                "Africa/Asmara",
                "Africa/Asmara"
            ],
            [
                "Africa/Asmera",
                "Africa/Asmera"
            ],
            [
                "Africa/Bamako",
                "Africa/Bamako"
            ],
            [
                "Africa/Bangui",
                "Africa/Bangui"
            ],
            [
                "Africa/Banjul",
                "Africa/Banjul"
            ],
            [
                "Africa/Bissau",
                "Africa/Bissau"
            ],
            [
                "Africa/Blantyre",
                "Africa/Blantyre"
            ],
            [
                "Africa/Brazzaville",
                "Africa/Brazzaville"
            ],
            [
                "Africa/Bujumbura",
                "Africa/Bujumbura"
            ],
            [
                "Africa/Cairo",
                "Africa/Cairo"
            ],
            [
                "Africa/Casablanca",
                "Africa/Casablanca"
            ],
            [
                "Africa/Ceuta",
                "Africa/Ceuta"
            ],
            [
                "Africa/Conakry",
                "Africa/Conakry"
            ],
            [
                "Africa/Dakar",
                "Africa/Dakar"
            ],
            [
                "Africa/Dar_es_Salaam",
                "Africa/Dar_es_Salaam"
            ],
            [
                "Africa/Djibouti",
                "Africa/Djibouti"
            ],
            [
                "Africa/Douala",
                "Africa/Douala"
            ],
            [
                "Africa/El_Aaiun",
                "Africa/El_Aaiun"
            ],
            [
                "Africa/Freetown",
                "Africa/Freetown"
            ],
            [
                "Africa/Gaborone",
                "Africa/Gaborone"
            ],
            [
                "Africa/Harare",
                "Africa/Harare"
            ],
            [
                "Africa/Johannesburg",
                "Africa/Johannesburg"
            ],
            [
                "Africa/Juba",
                "Africa/Juba"
            ],
            [
                "Africa/Kampala",
                "Africa/Kampala"
            ],
            [
                "Africa/Khartoum",
                "Africa/Khartoum"
            ],
            [
                "Africa/Kigali",
                "Africa/Kigali"
            ],
            [
                "Africa/Kinshasa",
                "Africa/Kinshasa"
            ],
            [
                "Africa/Lagos",
                "Africa/Lagos"
            ],
            [
                "Africa/Libreville",
                "Africa/Libreville"
            ],
            [
                "Africa/Lome",
                "Africa/Lome"
            ],
            [
                "Africa/Luanda",
                "Africa/Luanda"
            ],
            [
                "Africa/Lubumbashi",
                "Africa/Lubumbashi"
            ],
            [
                "Africa/Lusaka",
                "Africa/Lusaka"
            ],
            [
                "Africa/Malabo",
                "Africa/Malabo"
            ],
            [
                "Africa/Maputo",
                "Africa/Maputo"
            ],
            [
                "Africa/Maseru",
                "Africa/Maseru"
            ],
            [
                "Africa/Mbabane",
                "Africa/Mbabane"
            ],
            [
                "Africa/Mogadishu",
                "Africa/Mogadishu"
            ],
            [
                "Africa/Monrovia",
                "Africa/Monrovia"
            ],
            [
                "Africa/Nairobi",
                "Africa/Nairobi"
            ],
            [
                "Africa/Ndjamena",
                "Africa/Ndjamena"
            ],
            [
                "Africa/Niamey",
                "Africa/Niamey"
            ],
            [
                "Africa/Nouakchott",
                "Africa/Nouakchott"
            ],
            [
                "Africa/Ouagadougou",
                "Africa/Ouagadougou"
            ],
            [
                "Africa/Porto-Novo",
                "Africa/Porto-Novo"
            ],
            [
                "Africa/Sao_Tome",
                "Africa/Sao_Tome"
            ],
            [
                "Africa/Timbuktu",
                "Africa/Timbuktu"
            ],
            [
                "Africa/Tripoli",
                "Africa/Tripoli"
            ],
            [
                "Africa/Tunis",
                "Africa/Tunis"
            ],
            [
                "Africa/Windhoek",
                "Africa/Windhoek"
            ],
            [
                "America/Adak",
                "America/Adak"
            ],
            [
                "America/Anchorage",
                "America/Anchorage"
            ],
            [
                "America/Anguilla",
                "America/Anguilla"
            ],
            [
                "America/Antigua",
                "America/Antigua"
            ],
            [
                "America/Araguaina",
                "America/Araguaina"
            ],
            [
                "America/Argentina/Buenos_Aires",
                "America/Argentina/Buenos_Aires"
            ],
            [
                "America/Argentina/Catamarca",
                "America/Argentina/Catamarca"
            ],
            [
                "America/Argentina/ComodRivadavia",
                "America/Argentina/ComodRivadavia"
            ],
            [
                "America/Argentina/Cordoba",
                "America/Argentina/Cordoba"
            ],
            [
                "America/Argentina/Jujuy",
                "America/Argentina/Jujuy"
            ],
            [
                "America/Argentina/La_Rioja",
                "America/Argentina/La_Rioja"
            ],
            [
                "America/Argentina/Mendoza",
                "America/Argentina/Mendoza"
            ],
            [
                "America/Argentina/Rio_Gallegos",
                "America/Argentina/Rio_Gallegos"
            ],
            [
                "America/Argentina/Salta",
                "America/Argentina/Salta"
            ],
            [
                "America/Argentina/San_Juan",
                "America/Argentina/San_Juan"
            ],
            [
                "America/Argentina/San_Luis",
                "America/Argentina/San_Luis"
            ],
            [
                "America/Argentina/Tucuman",
                "America/Argentina/Tucuman"
            ],
            [
                "America/Argentina/Ushuaia",
                "America/Argentina/Ushuaia"
            ],
            [
                "America/Aruba",
                "America/Aruba"
            ],
            [
                "America/Asuncion",
                "America/Asuncion"
            ],
            [
                "America/Atikokan",
                "America/Atikokan"
            ],
            [
                "America/Atka",
                "America/Atka"
            ],
            [
                "America/Bahia",
                "America/Bahia"
            ],
            [
                "America/Bahia_Banderas",
                "America/Bahia_Banderas"
            ],
            [
                "America/Barbados",
                "America/Barbados"
            ],
            [
                "America/Belem",
                "America/Belem"
            ],
            [
                "America/Belize",
                "America/Belize"
            ],
            [
                "America/Blanc-Sablon",
                "America/Blanc-Sablon"
            ],
            [
                "America/Boa_Vista",
                "America/Boa_Vista"
            ],
            [
                "America/Bogota",
                "America/Bogota"
            ],
            [
                "America/Boise",
                "America/Boise"
            ],
            [
                "America/Buenos_Aires",
                "America/Buenos_Aires"
            ],
            [
                "America/Cambridge_Bay",
                "America/Cambridge_Bay"
            ],
            [
                "America/Campo_Grande",
                "America/Campo_Grande"
            ],
            [
                "America/Cancun",
                "America/Cancun"
            ],
            [
                "America/Caracas",
                "America/Caracas"
            ],
            [
                "America/Catamarca",
                "America/Catamarca"
            ],
            [
                "America/Cayenne",
                "America/Cayenne"
            ],
            [
                "America/Cayman",
                "America/Cayman"
            ],
            [
                "America/Chicago",
                "America/Chicago"
            ],
            [
                "America/Chihuahua",
                "America/Chihuahua"
            ],
            [
                "America/Coral_Harbour",
                "America/Coral_Harbour"
            ],
            [
                "America/Cordoba",
                "America/Cordoba"
            ],
            [
                "America/Costa_Rica",
                "America/Costa_Rica"
            ],
            [
                "America/Creston",
                "America/Creston"
            ],
            [
                "America/Cuiaba",
                "America/Cuiaba"
            ],
            [
                "America/Curacao",
                "America/Curacao"
            ],
            [
                "America/Danmarkshavn",
                "America/Danmarkshavn"
            ],
            [
                "America/Dawson",
                "America/Dawson"
            ],
            [
                "America/Dawson_Creek",
                "America/Dawson_Creek"
            ],
            [
                "America/Denver",
                "America/Denver"
            ],
            [
                "America/Detroit",
                "America/Detroit"
            ],
            [
                "America/Dominica",
                "America/Dominica"
            ],
            [
                "America/Edmonton",
                "America/Edmonton"
            ],
            [
                "America/Eirunepe",
                "America/Eirunepe"
            ],
            [
                "America/El_Salvador",
                "America/El_Salvador"
            ],
            [
                "America/Ensenada",
                "America/Ensenada"
            ],
            [
                "America/Fort_Nelson",
                "America/Fort_Nelson"
            ],
            [
                "America/Fort_Wayne",
                "America/Fort_Wayne"
            ],
            [
                "America/Fortaleza",
                "America/Fortaleza"
            ],
            [
                "America/Glace_Bay",
                "America/Glace_Bay"
            ],
            [
                "America/Godthab",
                "America/Godthab"
            ],
            [
                "America/Goose_Bay",
                "America/Goose_Bay"
            ],
            [
                "America/Grand_Turk",
                "America/Grand_Turk"
            ],
            [
                "America/Grenada",
                "America/Grenada"
            ],
            [
                "America/Guadeloupe",
                "America/Guadeloupe"
            ],
            [
                "America/Guatemala",
                "America/Guatemala"
            ],
            [
                "America/Guayaquil",
                "America/Guayaquil"
            ],
            [
                "America/Guyana",
                "America/Guyana"
            ],
            [
                "America/Halifax",
                "America/Halifax"
            ],
            [
                "America/Havana",
                "America/Havana"
            ],
            [
                "America/Hermosillo",
                "America/Hermosillo"
            ],
            [
                "America/Indiana/Indianapolis",
                "America/Indiana/Indianapolis"
            ],
            [
                "America/Indiana/Knox",
                "America/Indiana/Knox"
            ],
            [
                "America/Indiana/Marengo",
                "America/Indiana/Marengo"
            ],
            [
                "America/Indiana/Petersburg",
                "America/Indiana/Petersburg"
            ],
            [
                "America/Indiana/Tell_City",
                "America/Indiana/Tell_City"
            ],
            [
                "America/Indiana/Vevay",
                "America/Indiana/Vevay"
            ],
            [
                "America/Indiana/Vincennes",
                "America/Indiana/Vincennes"
            ],
            [
                "America/Indiana/Winamac",
                "America/Indiana/Winamac"
            ],
            [
                "America/Indianapolis",
                "America/Indianapolis"
            ],
            [
                "America/Inuvik",
                "America/Inuvik"
            ],
            [
                "America/Iqaluit",
                "America/Iqaluit"
            ],
            [
                "America/Jamaica",
                "America/Jamaica"
            ],
            [
                "America/Jujuy",
                "America/Jujuy"
            ],
            [
                "America/Juneau",
                "America/Juneau"
            ],
            [
                "America/Kentucky/Louisville",
                "America/Kentucky/Louisville"
            ],
            [
                "America/Kentucky/Monticello",
                "America/Kentucky/Monticello"
            ],
            [
                "America/Knox_IN",
                "America/Knox_IN"
            ],
            [
                "America/Kralendijk",
                "America/Kralendijk"
            ],
            [
                "America/La_Paz",
                "America/La_Paz"
            ],
            [
                "America/Lima",
                "America/Lima"
            ],
            [
                "America/Los_Angeles",
                "America/Los_Angeles"
            ],
            [
                "America/Louisville",
                "America/Louisville"
            ],
            [
                "America/Lower_Princes",
                "America/Lower_Princes"
            ],
            [
                "America/Maceio",
                "America/Maceio"
            ],
            [
                "America/Managua",
                "America/Managua"
            ],
            [
                "America/Manaus",
                "America/Manaus"
            ],
            [
                "America/Marigot",
                "America/Marigot"
            ],
            [
                "America/Martinique",
                "America/Martinique"
            ],
            [
                "America/Matamoros",
                "America/Matamoros"
            ],
            [
                "America/Mazatlan",
                "America/Mazatlan"
            ],
            [
                "America/Mendoza",
                "America/Mendoza"
            ],
            [
                "America/Menominee",
                "America/Menominee"
            ],
            [
                "America/Merida",
                "America/Merida"
            ],
            [
                "America/Metlakatla",
                "America/Metlakatla"
            ],
            [
                "America/Mexico_City",
                "America/Mexico_City"
            ],
            [
                "America/Miquelon",
                "America/Miquelon"
            ],
            [
                "America/Moncton",
                "America/Moncton"
            ],
            [
                "America/Monterrey",
                "America/Monterrey"
            ],
            [
                "America/Montevideo",
                "America/Montevideo"
            ],
            [
                "America/Montreal",
                "America/Montreal"
            ],
            [
                "America/Montserrat",
                "America/Montserrat"
            ],
            [
                "America/Nassau",
                "America/Nassau"
            ],
            [
                "America/New_York",
                "America/New_York"
            ],
            [
                "America/Nipigon",
                "America/Nipigon"
            ],
            [
                "America/Nome",
                "America/Nome"
            ],
            [
                "America/Noronha",
                "America/Noronha"
            ],
            [
                "America/North_Dakota/Beulah",
                "America/North_Dakota/Beulah"
            ],
            [
                "America/North_Dakota/Center",
                "America/North_Dakota/Center"
            ],
            [
                "America/North_Dakota/New_Salem",
                "America/North_Dakota/New_Salem"
            ],
            [
                "America/Ojinaga",
                "America/Ojinaga"
            ],
            [
                "America/Panama",
                "America/Panama"
            ],
            [
                "America/Pangnirtung",
                "America/Pangnirtung"
            ],
            [
                "America/Paramaribo",
                "America/Paramaribo"
            ],
            [
                "America/Phoenix",
                "America/Phoenix"
            ],
            [
                "America/Port-au-Prince",
                "America/Port-au-Prince"
            ],
            [
                "America/Port_of_Spain",
                "America/Port_of_Spain"
            ],
            [
                "America/Porto_Acre",
                "America/Porto_Acre"
            ],
            [
                "America/Porto_Velho",
                "America/Porto_Velho"
            ],
            [
                "America/Puerto_Rico",
                "America/Puerto_Rico"
            ],
            [
                "America/Punta_Arenas",
                "America/Punta_Arenas"
            ],
            [
                "America/Rainy_River",
                "America/Rainy_River"
            ],
            [
                "America/Rankin_Inlet",
                "America/Rankin_Inlet"
            ],
            [
                "America/Recife",
                "America/Recife"
            ],
            [
                "America/Regina",
                "America/Regina"
            ],
            [
                "America/Resolute",
                "America/Resolute"
            ],
            [
                "America/Rio_Branco",
                "America/Rio_Branco"
            ],
            [
                "America/Rosario",
                "America/Rosario"
            ],
            [
                "America/Santa_Isabel",
                "America/Santa_Isabel"
            ],
            [
                "America/Santarem",
                "America/Santarem"
            ],
            [
                "America/Santiago",
                "America/Santiago"
            ],
            [
                "America/Santo_Domingo",
                "America/Santo_Domingo"
            ],
            [
                "America/Sao_Paulo",
                "America/Sao_Paulo"
            ],
            [
                "America/Scoresbysund",
                "America/Scoresbysund"
            ],
            [
                "America/Shiprock",
                "America/Shiprock"
            ],
            [
                "America/Sitka",
                "America/Sitka"
            ],
            [
                "America/St_Barthelemy",
                "America/St_Barthelemy"
            ],
            [
                "America/St_Johns",
                "America/St_Johns"
            ],
            [
                "America/St_Kitts",
                "America/St_Kitts"
            ],
            [
                "America/St_Lucia",
                "America/St_Lucia"
            ],
            [
                "America/St_Thomas",
                "America/St_Thomas"
            ],
            [
                "America/St_Vincent",
                "America/St_Vincent"
            ],
            [
                "America/Swift_Current",
                "America/Swift_Current"
            ],
            [
                "America/Tegucigalpa",
                "America/Tegucigalpa"
            ],
            [
                "America/Thule",
                "America/Thule"
            ],
            [
                "America/Thunder_Bay",
                "America/Thunder_Bay"
            ],
            [
                "America/Tijuana",
                "America/Tijuana"
            ],
            [
                "America/Toronto",
                "America/Toronto"
            ],
            [
                "America/Tortola",
                "America/Tortola"
            ],
            [
                "America/Vancouver",
                "America/Vancouver"
            ],
            [
                "America/Virgin",
                "America/Virgin"
            ],
            [
                "America/Whitehorse",
                "America/Whitehorse"
            ],
            [
                "America/Winnipeg",
                "America/Winnipeg"
            ],
            [
                "America/Yakutat",
                "America/Yakutat"
            ],
            [
                "America/Yellowknife",
                "America/Yellowknife"
            ],
            [
                "Antarctica/Casey",
                "Antarctica/Casey"
            ],
            [
                "Antarctica/Davis",
                "Antarctica/Davis"
            ],
            [
                "Antarctica/DumontDUrville",
                "Antarctica/DumontDUrville"
            ],
            [
                "Antarctica/Macquarie",
                "Antarctica/Macquarie"
            ],
            [
                "Antarctica/Mawson",
                "Antarctica/Mawson"
            ],
            [
                "Antarctica/McMurdo",
                "Antarctica/McMurdo"
            ],
            [
                "Antarctica/Palmer",
                "Antarctica/Palmer"
            ],
            [
                "Antarctica/Rothera",
                "Antarctica/Rothera"
            ],
            [
                "Antarctica/South_Pole",
                "Antarctica/South_Pole"
            ],
            [
                "Antarctica/Syowa",
                "Antarctica/Syowa"
            ],
            [
                "Antarctica/Troll",
                "Antarctica/Troll"
            ],
            [
                "Antarctica/Vostok",
                "Antarctica/Vostok"
            ],
            [
                "Arctic/Longyearbyen",
                "Arctic/Longyearbyen"
            ],
            [
                "Asia/Aden",
                "Asia/Aden"
            ],
            [
                "Asia/Almaty",
                "Asia/Almaty"
            ],
            [
                "Asia/Amman",
                "Asia/Amman"
            ],
            [
                "Asia/Anadyr",
                "Asia/Anadyr"
            ],
            [
                "Asia/Aqtau",
                "Asia/Aqtau"
            ],
            [
                "Asia/Aqtobe",
                "Asia/Aqtobe"
            ],
            [
                "Asia/Ashgabat",
                "Asia/Ashgabat"
            ],
            [
                "Asia/Ashkhabad",
                "Asia/Ashkhabad"
            ],
            [
                "Asia/Atyrau",
                "Asia/Atyrau"
            ],
            [
                "Asia/Baghdad",
                "Asia/Baghdad"
            ],
            [
                "Asia/Bahrain",
                "Asia/Bahrain"
            ],
            [
                "Asia/Baku",
                "Asia/Baku"
            ],
            [
                "Asia/Bangkok",
                "Asia/Bangkok"
            ],
            [
                "Asia/Barnaul",
                "Asia/Barnaul"
            ],
            [
                "Asia/Beirut",
                "Asia/Beirut"
            ],
            [
                "Asia/Bishkek",
                "Asia/Bishkek"
            ],
            [
                "Asia/Brunei",
                "Asia/Brunei"
            ],
            [
                "Asia/Calcutta",
                "Asia/Calcutta"
            ],
            [
                "Asia/Chita",
                "Asia/Chita"
            ],
            [
                "Asia/Choibalsan",
                "Asia/Choibalsan"
            ],
            [
                "Asia/Chongqing",
                "Asia/Chongqing"
            ],
            [
                "Asia/Chungking",
                "Asia/Chungking"
            ],
            [
                "Asia/Colombo",
                "Asia/Colombo"
            ],
            [
                "Asia/Dacca",
                "Asia/Dacca"
            ],
            [
                "Asia/Damascus",
                "Asia/Damascus"
            ],
            [
                "Asia/Dhaka",
                "Asia/Dhaka"
            ],
            [
                "Asia/Dili",
                "Asia/Dili"
            ],
            [
                "Asia/Dubai",
                "Asia/Dubai"
            ],
            [
                "Asia/Dushanbe",
                "Asia/Dushanbe"
            ],
            [
                "Asia/Famagusta",
                "Asia/Famagusta"
            ],
            [
                "Asia/Gaza",
                "Asia/Gaza"
            ],
            [
                "Asia/Harbin",
                "Asia/Harbin"
            ],
            [
                "Asia/Hebron",
                "Asia/Hebron"
            ],
            [
                "Asia/Ho_Chi_Minh",
                "Asia/Ho_Chi_Minh"
            ],
            [
                "Asia/Hong_Kong",
                "Asia/Hong_Kong"
            ],
            [
                "Asia/Hovd",
                "Asia/Hovd"
            ],
            [
                "Asia/Irkutsk",
                "Asia/Irkutsk"
            ],
            [
                "Asia/Istanbul",
                "Asia/Istanbul"
            ],
            [
                "Asia/Jakarta",
                "Asia/Jakarta"
            ],
            [
                "Asia/Jayapura",
                "Asia/Jayapura"
            ],
            [
                "Asia/Jerusalem",
                "Asia/Jerusalem"
            ],
            [
                "Asia/Kabul",
                "Asia/Kabul"
            ],
            [
                "Asia/Kamchatka",
                "Asia/Kamchatka"
            ],
            [
                "Asia/Karachi",
                "Asia/Karachi"
            ],
            [
                "Asia/Kashgar",
                "Asia/Kashgar"
            ],
            [
                "Asia/Kathmandu",
                "Asia/Kathmandu"
            ],
            [
                "Asia/Katmandu",
                "Asia/Katmandu"
            ],
            [
                "Asia/Khandyga",
                "Asia/Khandyga"
            ],
            [
                "Asia/Kolkata",
                "Asia/Kolkata"
            ],
            [
                "Asia/Krasnoyarsk",
                "Asia/Krasnoyarsk"
            ],
            [
                "Asia/Kuala_Lumpur",
                "Asia/Kuala_Lumpur"
            ],
            [
                "Asia/Kuching",
                "Asia/Kuching"
            ],
            [
                "Asia/Kuwait",
                "Asia/Kuwait"
            ],
            [
                "Asia/Macao",
                "Asia/Macao"
            ],
            [
                "Asia/Macau",
                "Asia/Macau"
            ],
            [
                "Asia/Magadan",
                "Asia/Magadan"
            ],
            [
                "Asia/Makassar",
                "Asia/Makassar"
            ],
            [
                "Asia/Manila",
                "Asia/Manila"
            ],
            [
                "Asia/Muscat",
                "Asia/Muscat"
            ],
            [
                "Asia/Nicosia",
                "Asia/Nicosia"
            ],
            [
                "Asia/Novokuznetsk",
                "Asia/Novokuznetsk"
            ],
            [
                "Asia/Novosibirsk",
                "Asia/Novosibirsk"
            ],
            [
                "Asia/Omsk",
                "Asia/Omsk"
            ],
            [
                "Asia/Oral",
                "Asia/Oral"
            ],
            [
                "Asia/Phnom_Penh",
                "Asia/Phnom_Penh"
            ],
            [
                "Asia/Pontianak",
                "Asia/Pontianak"
            ],
            [
                "Asia/Pyongyang",
                "Asia/Pyongyang"
            ],
            [
                "Asia/Qatar",
                "Asia/Qatar"
            ],
            [
                "Asia/Qostanay",
                "Asia/Qostanay"
            ],
            [
                "Asia/Qyzylorda",
                "Asia/Qyzylorda"
            ],
            [
                "Asia/Rangoon",
                "Asia/Rangoon"
            ],
            [
                "Asia/Riyadh",
                "Asia/Riyadh"
            ],
            [
                "Asia/Saigon",
                "Asia/Saigon"
            ],
            [
                "Asia/Sakhalin",
                "Asia/Sakhalin"
            ],
            [
                "Asia/Samarkand",
                "Asia/Samarkand"
            ],
            [
                "Asia/Seoul",
                "Asia/Seoul"
            ],
            [
                "Asia/Shanghai",
                "Asia/Shanghai"
            ],
            [
                "Asia/Singapore",
                "Asia/Singapore"
            ],
            [
                "Asia/Srednekolymsk",
                "Asia/Srednekolymsk"
            ],
            [
                "Asia/Taipei",
                "Asia/Taipei"
            ],
            [
                "Asia/Tashkent",
                "Asia/Tashkent"
            ],
            [
                "Asia/Tbilisi",
                "Asia/Tbilisi"
            ],
            [
                "Asia/Tehran",
                "Asia/Tehran"
            ],
            [
                "Asia/Tel_Aviv",
                "Asia/Tel_Aviv"
            ],
            [
                "Asia/Thimbu",
                "Asia/Thimbu"
            ],
            [
                "Asia/Thimphu",
                "Asia/Thimphu"
            ],
            [
                "Asia/Tokyo",
                "Asia/Tokyo"
            ],
            [
                "Asia/Tomsk",
                "Asia/Tomsk"
            ],
            [
                "Asia/Ujung_Pandang",
                "Asia/Ujung_Pandang"
            ],
            [
                "Asia/Ulaanbaatar",
                "Asia/Ulaanbaatar"
            ],
            [
                "Asia/Ulan_Bator",
                "Asia/Ulan_Bator"
            ],
            [
                "Asia/Urumqi",
                "Asia/Urumqi"
            ],
            [
                "Asia/Ust-Nera",
                "Asia/Ust-Nera"
            ],
            [
                "Asia/Vientiane",
                "Asia/Vientiane"
            ],
            [
                "Asia/Vladivostok",
                "Asia/Vladivostok"
            ],
            [
                "Asia/Yakutsk",
                "Asia/Yakutsk"
            ],
            [
                "Asia/Yangon",
                "Asia/Yangon"
            ],
            [
                "Asia/Yekaterinburg",
                "Asia/Yekaterinburg"
            ],
            [
                "Asia/Yerevan",
                "Asia/Yerevan"
            ],
            [
                "Atlantic/Azores",
                "Atlantic/Azores"
            ],
            [
                "Atlantic/Bermuda",
                "Atlantic/Bermuda"
            ],
            [
                "Atlantic/Canary",
                "Atlantic/Canary"
            ],
            [
                "Atlantic/Cape_Verde",
                "Atlantic/Cape_Verde"
            ],
            [
                "Atlantic/Faeroe",
                "Atlantic/Faeroe"
            ],
            [
                "Atlantic/Faroe",
                "Atlantic/Faroe"
            ],
            [
                "Atlantic/Jan_Mayen",
                "Atlantic/Jan_Mayen"
            ],
            [
                "Atlantic/Madeira",
                "Atlantic/Madeira"
            ],
            [
                "Atlantic/Reykjavik",
                "Atlantic/Reykjavik"
            ],
            [
                "Atlantic/South_Georgia",
                "Atlantic/South_Georgia"
            ],
            [
                "Atlantic/St_Helena",
                "Atlantic/St_Helena"
            ],
            [
                "Atlantic/Stanley",
                "Atlantic/Stanley"
            ],
            [
                "Australia/ACT",
                "Australia/ACT"
            ],
            [
                "Australia/Adelaide",
                "Australia/Adelaide"
            ],
            [
                "Australia/Brisbane",
                "Australia/Brisbane"
            ],
            [
                "Australia/Broken_Hill",
                "Australia/Broken_Hill"
            ],
            [
                "Australia/Canberra",
                "Australia/Canberra"
            ],
            [
                "Australia/Currie",
                "Australia/Currie"
            ],
            [
                "Australia/Darwin",
                "Australia/Darwin"
            ],
            [
                "Australia/Eucla",
                "Australia/Eucla"
            ],
            [
                "Australia/Hobart",
                "Australia/Hobart"
            ],
            [
                "Australia/LHI",
                "Australia/LHI"
            ],
            [
                "Australia/Lindeman",
                "Australia/Lindeman"
            ],
            [
                "Australia/Lord_Howe",
                "Australia/Lord_Howe"
            ],
            [
                "Australia/Melbourne",
                "Australia/Melbourne"
            ],
            [
                "Australia/NSW",
                "Australia/NSW"
            ],
            [
                "Australia/North",
                "Australia/North"
            ],
            [
                "Australia/Perth",
                "Australia/Perth"
            ],
            [
                "Australia/Queensland",
                "Australia/Queensland"
            ],
            [
                "Australia/South",
                "Australia/South"
            ],
            [
                "Australia/Sydney",
                "Australia/Sydney"
            ],
            [
                "Australia/Tasmania",
                "Australia/Tasmania"
            ],
            [
                "Australia/Victoria",
                "Australia/Victoria"
            ],
            [
                "Australia/West",
                "Australia/West"
            ],
            [
                "Australia/Yancowinna",
                "Australia/Yancowinna"
            ],
            [
                "Brazil/Acre",
                "Brazil/Acre"
            ],
            [
                "Brazil/DeNoronha",
                "Brazil/DeNoronha"
            ],
            [
                "Brazil/East",
                "Brazil/East"
            ],
            [
                "Brazil/West",
                "Brazil/West"
            ],
            [
                "CET",
                "CET"
            ],
            [
                "CST6CDT",
                "CST6CDT"
            ],
            [
                "Canada/Atlantic",
                "Canada/Atlantic"
            ],
            [
                "Canada/Central",
                "Canada/Central"
            ],
            [
                "Canada/Eastern",
                "Canada/Eastern"
            ],
            [
                "Canada/Mountain",
                "Canada/Mountain"
            ],
            [
                "Canada/Newfoundland",
                "Canada/Newfoundland"
            ],
            [
                "Canada/Pacific",
                "Canada/Pacific"
            ],
            [
                "Canada/Saskatchewan",
                "Canada/Saskatchewan"
            ],
            [
                "Canada/Yukon",
                "Canada/Yukon"
            ],
            [
                "Chile/Continental",
                "Chile/Continental"
            ],
            [
                "Chile/EasterIsland",
                "Chile/EasterIsland"
            ],
            [
                "Cuba",
                "Cuba"
            ],
            [
                "EET",
                "EET"
            ],
            [
                "EST",
                "EST"
            ],
            [
                "EST5EDT",
                "EST5EDT"
            ],
            [
                "Egypt",
                "Egypt"
            ],
            [
                "Eire",
                "Eire"
            ],
            [
                "Europe/Amsterdam",
                "Europe/Amsterdam"
            ],
            [
                "Europe/Andorra",
                "Europe/Andorra"
            ],
            [
                "Europe/Astrakhan",
                "Europe/Astrakhan"
            ],
            [
                "Europe/Athens",
                "Europe/Athens"
            ],
            [
                "Europe/Belfast",
                "Europe/Belfast"
            ],
            [
                "Europe/Belgrade",
                "Europe/Belgrade"
            ],
            [
                "Europe/Berlin",
                "Europe/Berlin"
            ],
            [
                "Europe/Bratislava",
                "Europe/Bratislava"
            ],
            [
                "Europe/Brussels",
                "Europe/Brussels"
            ],
            [
                "Europe/Bucharest",
                "Europe/Bucharest"
            ],
            [
                "Europe/Budapest",
                "Europe/Budapest"
            ],
            [
                "Europe/Busingen",
                "Europe/Busingen"
            ],
            [
                "Europe/Chisinau",
                "Europe/Chisinau"
            ],
            [
                "Europe/Copenhagen",
                "Europe/Copenhagen"
            ],
            [
                "Europe/Dublin",
                "Europe/Dublin"
            ],
            [
                "Europe/Gibraltar",
                "Europe/Gibraltar"
            ],
            [
                "Europe/Guernsey",
                "Europe/Guernsey"
            ],
            [
                "Europe/Helsinki",
                "Europe/Helsinki"
            ],
            [
                "Europe/Isle_of_Man",
                "Europe/Isle_of_Man"
            ],
            [
                "Europe/Istanbul",
                "Europe/Istanbul"
            ],
            [
                "Europe/Jersey",
                "Europe/Jersey"
            ],
            [
                "Europe/Kaliningrad",
                "Europe/Kaliningrad"
            ],
            [
                "Europe/Kiev",
                "Europe/Kiev"
            ],
            [
                "Europe/Kirov",
                "Europe/Kirov"
            ],
            [
                "Europe/Lisbon",
                "Europe/Lisbon"
            ],
            [
                "Europe/Ljubljana",
                "Europe/Ljubljana"
            ],
            [
                "Europe/London",
                "Europe/London"
            ],
            [
                "Europe/Luxembourg",
                "Europe/Luxembourg"
            ],
            [
                "Europe/Madrid",
                "Europe/Madrid"
            ],
            [
                "Europe/Malta",
                "Europe/Malta"
            ],
            [
                "Europe/Mariehamn",
                "Europe/Mariehamn"
            ],
            [
                "Europe/Minsk",
                "Europe/Minsk"
            ],
            [
                "Europe/Monaco",
                "Europe/Monaco"
            ],
            [
                "Europe/Moscow",
                "Europe/Moscow"
            ],
            [
                "Europe/Nicosia",
                "Europe/Nicosia"
            ],
            [
                "Europe/Oslo",
                "Europe/Oslo"
            ],
            [
                "Europe/Paris",
                "Europe/Paris"
            ],
            [
                "Europe/Podgorica",
                "Europe/Podgorica"
            ],
            [
                "Europe/Prague",
                "Europe/Prague"
            ],
            [
                "Europe/Riga",
                "Europe/Riga"
            ],
            [
                "Europe/Rome",
                "Europe/Rome"
            ],
            [
                "Europe/Samara",
                "Europe/Samara"
            ],
            [
                "Europe/San_Marino",
                "Europe/San_Marino"
            ],
            [
                "Europe/Sarajevo",
                "Europe/Sarajevo"
            ],
            [
                "Europe/Saratov",
                "Europe/Saratov"
            ],
            [
                "Europe/Simferopol",
                "Europe/Simferopol"
            ],
            [
                "Europe/Skopje",
                "Europe/Skopje"
            ],
            [
                "Europe/Sofia",
                "Europe/Sofia"
            ],
            [
                "Europe/Stockholm",
                "Europe/Stockholm"
            ],
            [
                "Europe/Tallinn",
                "Europe/Tallinn"
            ],
            [
                "Europe/Tirane",
                "Europe/Tirane"
            ],
            [
                "Europe/Tiraspol",
                "Europe/Tiraspol"
            ],
            [
                "Europe/Ulyanovsk",
                "Europe/Ulyanovsk"
            ],
            [
                "Europe/Uzhgorod",
                "Europe/Uzhgorod"
            ],
            [
                "Europe/Vaduz",
                "Europe/Vaduz"
            ],
            [
                "Europe/Vatican",
                "Europe/Vatican"
            ],
            [
                "Europe/Vienna",
                "Europe/Vienna"
            ],
            [
                "Europe/Vilnius",
                "Europe/Vilnius"
            ],
            [
                "Europe/Volgograd",
                "Europe/Volgograd"
            ],
            [
                "Europe/Warsaw",
                "Europe/Warsaw"
            ],
            [
                "Europe/Zagreb",
                "Europe/Zagreb"
            ],
            [
                "Europe/Zaporozhye",
                "Europe/Zaporozhye"
            ],
            [
                "Europe/Zurich",
                "Europe/Zurich"
            ],
            [
                "GB",
                "GB"
            ],
            [
                "GB-Eire",
                "GB-Eire"
            ],
            [
                "GMT",
                "GMT"
            ],
            [
                "GMT+0",
                "GMT+0"
            ],
            [
                "GMT-0",
                "GMT-0"
            ],
            [
                "GMT0",
                "GMT0"
            ],
            [
                "Greenwich",
                "Greenwich"
            ],
            [
                "HST",
                "HST"
            ],
            [
                "Hongkong",
                "Hongkong"
            ],
            [
                "Iceland",
                "Iceland"
            ],
            [
                "Indian/Antananarivo",
                "Indian/Antananarivo"
            ],
            [
                "Indian/Chagos",
                "Indian/Chagos"
            ],
            [
                "Indian/Christmas",
                "Indian/Christmas"
            ],
            [
                "Indian/Cocos",
                "Indian/Cocos"
            ],
            [
                "Indian/Comoro",
                "Indian/Comoro"
            ],
            [
                "Indian/Kerguelen",
                "Indian/Kerguelen"
            ],
            [
                "Indian/Mahe",
                "Indian/Mahe"
            ],
            [
                "Indian/Maldives",
                "Indian/Maldives"
            ],
            [
                "Indian/Mauritius",
                "Indian/Mauritius"
            ],
            [
                "Indian/Mayotte",
                "Indian/Mayotte"
            ],
            [
                "Indian/Reunion",
                "Indian/Reunion"
            ],
            [
                "Iran",
                "Iran"
            ],
            [
                "Israel",
                "Israel"
            ],
            [
                "Jamaica",
                "Jamaica"
            ],
            [
                "Japan",
                "Japan"
            ],
            [
                "Kwajalein",
                "Kwajalein"
            ],
            [
                "Libya",
                "Libya"
            ],
            [
                "MET",
                "MET"
            ],
            [
                "MST",
                "MST"
            ],
            [
                "MST7MDT",
                "MST7MDT"
            ],
            [
                "Mexico/BajaNorte",
                "Mexico/BajaNorte"
            ],
            [
                "Mexico/BajaSur",
                "Mexico/BajaSur"
            ],
            [
                "Mexico/General",
                "Mexico/General"
            ],
            [
                "NZ",
                "NZ"
            ],
            [
                "NZ-CHAT",
                "NZ-CHAT"
            ],
            [
                "Navajo",
                "Navajo"
            ],
            [
                "PRC",
                "PRC"
            ],
            [
                "PST8PDT",
                "PST8PDT"
            ],
            [
                "Pacific/Apia",
                "Pacific/Apia"
            ],
            [
                "Pacific/Auckland",
                "Pacific/Auckland"
            ],
            [
                "Pacific/Bougainville",
                "Pacific/Bougainville"
            ],
            [
                "Pacific/Chatham",
                "Pacific/Chatham"
            ],
            [
                "Pacific/Chuuk",
                "Pacific/Chuuk"
            ],
            [
                "Pacific/Easter",
                "Pacific/Easter"
            ],
            [
                "Pacific/Efate",
                "Pacific/Efate"
            ],
            [
                "Pacific/Enderbury",
                "Pacific/Enderbury"
            ],
            [
                "Pacific/Fakaofo",
                "Pacific/Fakaofo"
            ],
            [
                "Pacific/Fiji",
                "Pacific/Fiji"
            ],
            [
                "Pacific/Funafuti",
                "Pacific/Funafuti"
            ],
            [
                "Pacific/Galapagos",
                "Pacific/Galapagos"
            ],
            [
                "Pacific/Gambier",
                "Pacific/Gambier"
            ],
            [
                "Pacific/Guadalcanal",
                "Pacific/Guadalcanal"
            ],
            [
                "Pacific/Guam",
                "Pacific/Guam"
            ],
            [
                "Pacific/Honolulu",
                "Pacific/Honolulu"
            ],
            [
                "Pacific/Johnston",
                "Pacific/Johnston"
            ],
            [
                "Pacific/Kiritimati",
                "Pacific/Kiritimati"
            ],
            [
                "Pacific/Kosrae",
                "Pacific/Kosrae"
            ],
            [
                "Pacific/Kwajalein",
                "Pacific/Kwajalein"
            ],
            [
                "Pacific/Majuro",
                "Pacific/Majuro"
            ],
            [
                "Pacific/Marquesas",
                "Pacific/Marquesas"
            ],
            [
                "Pacific/Midway",
                "Pacific/Midway"
            ],
            [
                "Pacific/Nauru",
                "Pacific/Nauru"
            ],
            [
                "Pacific/Niue",
                "Pacific/Niue"
            ],
            [
                "Pacific/Norfolk",
                "Pacific/Norfolk"
            ],
            [
                "Pacific/Noumea",
                "Pacific/Noumea"
            ],
            [
                "Pacific/Pago_Pago",
                "Pacific/Pago_Pago"
            ],
            [
                "Pacific/Palau",
                "Pacific/Palau"
            ],
            [
                "Pacific/Pitcairn",
                "Pacific/Pitcairn"
            ],
            [
                "Pacific/Pohnpei",
                "Pacific/Pohnpei"
            ],
            [
                "Pacific/Ponape",
                "Pacific/Ponape"
            ],
            [
                "Pacific/Port_Moresby",
                "Pacific/Port_Moresby"
            ],
            [
                "Pacific/Rarotonga",
                "Pacific/Rarotonga"
            ],
            [
                "Pacific/Saipan",
                "Pacific/Saipan"
            ],
            [
                "Pacific/Samoa",
                "Pacific/Samoa"
            ],
            [
                "Pacific/Tahiti",
                "Pacific/Tahiti"
            ],
            [
                "Pacific/Tarawa",
                "Pacific/Tarawa"
            ],
            [
                "Pacific/Tongatapu",
                "Pacific/Tongatapu"
            ],
            [
                "Pacific/Truk",
                "Pacific/Truk"
            ],
            [
                "Pacific/Wake",
                "Pacific/Wake"
            ],
            [
                "Pacific/Wallis",
                "Pacific/Wallis"
            ],
            [
                "Pacific/Yap",
                "Pacific/Yap"
            ],
            [
                "Poland",
                "Poland"
            ],
            [
                "Portugal",
                "Portugal"
            ],
            [
                "ROC",
                "ROC"
            ],
            [
                "ROK",
                "ROK"
            ],
            [
                "Singapore",
                "Singapore"
            ],
            [
                "Turkey",
                "Turkey"
            ],
            [
                "UCT",
                "UCT"
            ],
            [
                "US/Alaska",
                "US/Alaska"
            ],
            [
                "US/Aleutian",
                "US/Aleutian"
            ],
            [
                "US/Arizona",
                "US/Arizona"
            ],
            [
                "US/Central",
                "US/Central"
            ],
            [
                "US/East-Indiana",
                "US/East-Indiana"
            ],
            [
                "US/Eastern",
                "US/Eastern"
            ],
            [
                "US/Hawaii",
                "US/Hawaii"
            ],
            [
                "US/Indiana-Starke",
                "US/Indiana-Starke"
            ],
            [
                "US/Michigan",
                "US/Michigan"
            ],
            [
                "US/Mountain",
                "US/Mountain"
            ],
            [
                "US/Pacific",
                "US/Pacific"
            ],
            [
                "US/Samoa",
                "US/Samoa"
            ],
            [
                "UTC",
                "UTC"
            ],
            [
                "Universal",
                "Universal"
            ],
            [
                "W-SU",
                "W-SU"
            ],
            [
                "WET",
                "WET"
            ],
            [
                "Zulu",
                "Zulu"
            ],
            [
                "Etc/GMT",
                "Etc/GMT"
            ],
            [
                "Etc/GMT+0",
                "Etc/GMT+0"
            ],
            [
                "Etc/GMT+1",
                "Etc/GMT+1"
            ],
            [
                "Etc/GMT+10",
                "Etc/GMT+10"
            ],
            [
                "Etc/GMT+11",
                "Etc/GMT+11"
            ],
            [
                "Etc/GMT+12",
                "Etc/GMT+12"
            ],
            [
                "Etc/GMT+2",
                "Etc/GMT+2"
            ],
            [
                "Etc/GMT+3",
                "Etc/GMT+3"
            ],
            [
                "Etc/GMT+4",
                "Etc/GMT+4"
            ],
            [
                "Etc/GMT+5",
                "Etc/GMT+5"
            ],
            [
                "Etc/GMT+6",
                "Etc/GMT+6"
            ],
            [
                "Etc/GMT+7",
                "Etc/GMT+7"
            ],
            [
                "Etc/GMT+8",
                "Etc/GMT+8"
            ],
            [
                "Etc/GMT+9",
                "Etc/GMT+9"
            ],
            [
                "Etc/GMT-0",
                "Etc/GMT-0"
            ],
            [
                "Etc/GMT-1",
                "Etc/GMT-1"
            ],
            [
                "Etc/GMT-10",
                "Etc/GMT-10"
            ],
            [
                "Etc/GMT-11",
                "Etc/GMT-11"
            ],
            [
                "Etc/GMT-12",
                "Etc/GMT-12"
            ],
            [
                "Etc/GMT-13",
                "Etc/GMT-13"
            ],
            [
                "Etc/GMT-14",
                "Etc/GMT-14"
            ],
            [
                "Etc/GMT-2",
                "Etc/GMT-2"
            ],
            [
                "Etc/GMT-3",
                "Etc/GMT-3"
            ],
            [
                "Etc/GMT-4",
                "Etc/GMT-4"
            ],
            [
                "Etc/GMT-5",
                "Etc/GMT-5"
            ],
            [
                "Etc/GMT-6",
                "Etc/GMT-6"
            ],
            [
                "Etc/GMT-7",
                "Etc/GMT-7"
            ],
            [
                "Etc/GMT-8",
                "Etc/GMT-8"
            ],
            [
                "Etc/GMT-9",
                "Etc/GMT-9"
            ],
            [
                "Etc/GMT0",
                "Etc/GMT0"
            ],
            [
                "Etc/Greenwich",
                "Etc/Greenwich"
            ],
            [
                "Etc/UCT",
                "Etc/UCT"
            ],
            [
                "Etc/UTC",
                "Etc/UTC"
            ],
            [
                "Etc/Universal",
                "Etc/Universal"
            ],
            [
                "Etc/Zulu",
                "Etc/Zulu"
            ]
        ],
        "sortable": false,
        "store": false,
        "string": "Timezone",
        "name": "tz",
        "states": []
    },
    "hr_presence_state": {
        "type": "selection",
        "change_default": false,
        "company_dependent": false,
        "depends": [
            "user_id.im_status"
        ],
        "manual": false,
        "readonly": true,
        "required": false,
        "searchable": false,
        "selection": [
            [
                "present",
                "Present"
            ],
            [
                "absent",
                "Absent"
            ],
            [
                "to_define",
                "To Define"
            ]
        ],
        "sortable": false,
        "store": false,
        "string": "Hr Presence State",
        "name": "hr_presence_state",
        "states": []
    },
    "last_activity": {
        "type": "date",
        "change_default": false,
        "company_dependent": false,
        "depends": [
            "user_id"
        ],
        "manual": false,
        "readonly": true,
        "required": false,
        "searchable": false,
        "sortable": false,
        "store": false,
        "string": "Last Activity",
        "name": "last_activity",
        "states": []
    },
    "last_activity_time": {
        "type": "char",
        "change_default": false,
        "company_dependent": false,
        "depends": [
            "user_id"
        ],
        "manual": false,
        "readonly": true,
        "required": false,
        "searchable": false,
        "sortable": false,
        "store": false,
        "string": "Last Activity Time",
        "translate": false,
        "trim": true,
        "name": "last_activity_time",
        "states": []
    },
    "hr_icon_display": {
        "type": "selection",
        "change_default": false,
        "company_dependent": false,
        "depends": [
            "resource_calendar_id",
            "hr_presence_state"
        ],
        "manual": false,
        "readonly": true,
        "required": false,
        "searchable": false,
        "selection": [
            [
                "presence_present",
                "Present"
            ],
            [
                "presence_absent_active",
                "Present but not active"
            ],
            [
                "presence_absent",
                "Absent"
            ],
            [
                "presence_to_define",
                "To define"
            ],
            [
                "presence_undetermined",
                "Undetermined"
            ],
            [
                "presence_holiday_absent",
                "On leave"
            ],
            [
                "presence_holiday_present",
                "Present but on leave"
            ]
        ],
        "sortable": false,
        "store": false,
        "string": "Hr Icon Display",
        "name": "hr_icon_display",
        "states": []
    },
    "employee_type": {
        "type": "selection",
        "change_default": false,
        "company_dependent": false,
        "depends": [],
        "help": "The employee type. Although the primary purpose may seem to categorize employees, this field has also an impact in the Contract History. Only Employee type is supposed to be under contract and will have a Contract History.",
        "manual": false,
        "readonly": true,
        "required": true,
        "searchable": true,
        "selection": [
            [
                "employee",
                "Employee"
            ],
            [
                "student",
                "Student"
            ],
            [
                "trainee",
                "Trainee"
            ],
            [
                "contractor",
                "Contractor"
            ],
            [
                "freelance",
                "Freelancer"
            ]
        ],
        "sortable": true,
        "store": true,
        "string": "Employee Type",
        "name": "employee_type",
        "states": []
    },
    "parent_user_id": {
        "type": "many2one",
        "change_default": false,
        "company_dependent": false,
        "context": [],
        "depends": [
            "parent_id.user_id"
        ],
        "domain": [],
        "manual": false,
        "readonly": true,
        "related": "parent_id.user_id",
        "relation": "res.users",
        "required": false,
        "searchable": true,
        "sortable": false,
        "store": false,
        "string": "Parent User",
        "name": "parent_user_id",
        "states": []
    },
    "last_appraisal_id": {
        "type": "many2one",
        "change_default": false,
        "company_dependent": false,
        "context": [],
        "depends": [],
        "domain": [],
        "manual": false,
        "readonly": true,
        "relation": "hr.appraisal",
        "required": false,
        "searchable": true,
        "sortable": true,
        "store": true,
        "string": "Last Appraisal",
        "name": "last_appraisal_id",
        "states": []
    },
    "goal_ids": {
        "type": "one2many",
        "change_default": false,
        "company_dependent": false,
        "context": [],
        "depends": [
            "user_id.goal_ids.challenge_id.challenge_category"
        ],
        "domain": [],
        "manual": false,
        "readonly": true,
        "relation": "gamification.goal",
        "required": false,
        "searchable": false,
        "sortable": false,
        "store": false,
        "string": "Employee HR Goals",
        "name": "goal_ids",
        "states": []
    },
    "badge_ids": {
        "type": "one2many",
        "change_default": false,
        "company_dependent": false,
        "context": [],
        "depends": [
            "direct_badge_ids",
            "user_id.badge_ids.employee_id"
        ],
        "domain": [],
        "help": "All employee badges, linked to the employee either directly or through the user",
        "manual": false,
        "readonly": true,
        "relation": "gamification.badge.user",
        "required": false,
        "searchable": false,
        "sortable": false,
        "store": false,
        "string": "Employee Badges",
        "name": "badge_ids",
        "states": []
    },
    "has_badges": {
        "type": "boolean",
        "change_default": false,
        "company_dependent": false,
        "depends": [
            "direct_badge_ids",
            "user_id.badge_ids.employee_id"
        ],
        "manual": false,
        "readonly": true,
        "required": false,
        "searchable": false,
        "sortable": false,
        "store": false,
        "string": "Has Badges",
        "name": "has_badges",
        "states": []
    },
    "direct_badge_ids": {
        "type": "one2many",
        "change_default": false,
        "company_dependent": false,
        "context": [],
        "depends": [],
        "domain": [],
        "help": "Badges directly linked to the employee",
        "manual": false,
        "readonly": true,
        "relation": "gamification.badge.user",
        "relation_field": "employee_id",
        "required": false,
        "searchable": true,
        "sortable": false,
        "store": true,
        "string": "Direct Badge",
        "name": "direct_badge_ids",
        "states": []
    },
    "leave_manager_id": {
        "type": "many2one",
        "change_default": false,
        "company_dependent": false,
        "context": [],
        "depends": [
            "parent_id"
        ],
        "domain": [],
        "help": "Select the user responsible for approving \"Time Off\" of this employee.\nIf empty, the approval is done by an Administrator or Approver (determined in settings/users).",
        "manual": false,
        "readonly": true,
        "relation": "res.users",
        "required": false,
        "searchable": true,
        "sortable": true,
        "store": true,
        "string": "Time Off",
        "name": "leave_manager_id",
        "states": []
    },
    "remaining_leaves": {
        "type": "float",
        "change_default": false,
        "company_dependent": false,
        "depends": [],
        "group_operator": "sum",
        "help": "Total number of paid time off allocated to this employee, change this value to create allocation/time off request. Total based on all the time off types without overriding limit.",
        "manual": false,
        "readonly": true,
        "required": false,
        "searchable": false,
        "sortable": false,
        "store": false,
        "string": "Remaining Paid Time Off",
        "name": "remaining_leaves",
        "states": []
    },
    "current_leave_state": {
        "type": "selection",
        "change_default": false,
        "company_dependent": false,
        "depends": [],
        "manual": false,
        "readonly": true,
        "required": false,
        "searchable": false,
        "selection": [
            [
                "draft",
                "New"
            ],
            [
                "confirm",
                "Waiting Approval"
            ],
            [
                "refuse",
                "Refused"
            ],
            [
                "validate1",
                "Waiting Second Approval"
            ],
            [
                "validate",
                "Approved"
            ],
            [
                "cancel",
                "Cancelled"
            ]
        ],
        "sortable": false,
        "store": false,
        "string": "Current Time Off Status",
        "name": "current_leave_state",
        "states": []
    },
    "leave_date_from": {
        "type": "date",
        "change_default": false,
        "company_dependent": false,
        "depends": [],
        "manual": false,
        "readonly": true,
        "required": false,
        "searchable": false,
        "sortable": false,
        "store": false,
        "string": "From Date",
        "name": "leave_date_from",
        "states": []
    },
    "leave_date_to": {
        "type": "date",
        "change_default": false,
        "company_dependent": false,
        "depends": [],
        "manual": false,
        "readonly": true,
        "required": false,
        "searchable": false,
        "sortable": false,
        "store": false,
        "string": "To Date",
        "name": "leave_date_to",
        "states": []
    },
    "leaves_count": {
        "type": "float",
        "change_default": false,
        "company_dependent": false,
        "depends": [],
        "group_operator": "sum",
        "manual": false,
        "readonly": true,
        "required": false,
        "searchable": false,
        "sortable": false,
        "store": false,
        "string": "Number of Time Off",
        "name": "leaves_count",
        "states": []
    },
    "allocation_count": {
        "type": "float",
        "change_default": false,
        "company_dependent": false,
        "depends": [],
        "group_operator": "sum",
        "manual": false,
        "readonly": true,
        "required": false,
        "searchable": false,
        "sortable": false,
        "store": false,
        "string": "Total number of days allocated.",
        "name": "allocation_count",
        "states": []
    },
    "allocations_count": {
        "type": "integer",
        "change_default": false,
        "company_dependent": false,
        "depends": [],
        "group_operator": "sum",
        "manual": false,
        "readonly": true,
        "required": false,
        "searchable": false,
        "sortable": false,
        "store": false,
        "string": "Total number of allocations",
        "name": "allocations_count",
        "states": []
    },
    "allocation_used_count": {
        "type": "float",
        "change_default": false,
        "company_dependent": false,
        "depends": [],
        "group_operator": "sum",
        "manual": false,
        "readonly": true,
        "required": false,
        "searchable": false,
        "sortable": false,
        "store": false,
        "string": "Total number of days off used",
        "name": "allocation_used_count",
        "states": []
    },
    "show_leaves": {
        "type": "boolean",
        "change_default": false,
        "company_dependent": false,
        "depends": [],
        "manual": false,
        "readonly": true,
        "required": false,
        "searchable": false,
        "sortable": false,
        "store": false,
        "string": "Able to see Remaining Time Off",
        "name": "show_leaves",
        "states": []
    },
    "is_absent": {
        "type": "boolean",
        "change_default": false,
        "company_dependent": false,
        "depends": [],
        "manual": false,
        "readonly": true,
        "required": false,
        "searchable": true,
        "sortable": false,
        "store": false,
        "string": "Absent Today",
        "name": "is_absent",
        "states": []
    },
    "allocation_display": {
        "type": "char",
        "change_default": false,
        "company_dependent": false,
        "depends": [],
        "manual": false,
        "readonly": true,
        "required": false,
        "searchable": false,
        "sortable": false,
        "store": false,
        "string": "Allocation Display",
        "translate": false,
        "trim": true,
        "name": "allocation_display",
        "states": []
    },
    "allocation_used_display": {
        "type": "char",
        "change_default": false,
        "company_dependent": false,
        "depends": [],
        "manual": false,
        "readonly": true,
        "required": false,
        "searchable": false,
        "sortable": false,
        "store": false,
        "string": "Allocation Used Display",
        "translate": false,
        "trim": true,
        "name": "allocation_used_display",
        "states": []
    },
    "child_all_count": {
        "type": "integer",
        "change_default": false,
        "company_dependent": false,
        "depends": [
            "child_ids",
            "child_ids.child_all_count"
        ],
        "group_operator": "sum",
        "manual": false,
        "readonly": true,
        "required": false,
        "searchable": false,
        "sortable": false,
        "store": false,
        "string": "Indirect Subordinates Count",
        "name": "child_all_count",
        "states": []
    },
    "create_date": {
        "type": "datetime",
        "change_default": false,
        "company_dependent": false,
        "depends": [],
        "manual": false,
        "readonly": true,
        "required": false,
        "searchable": true,
        "sortable": true,
        "store": true,
        "string": "Create Date",
        "name": "create_date",
        "states": []
    },
    "employee_id": {
        "type": "many2one",
        "change_default": false,
        "company_dependent": false,
        "context": [],
        "depends": [],
        "domain": [],
        "manual": false,
        "readonly": true,
        "relation": "hr.employee",
        "required": false,
        "searchable": true,
        "sortable": false,
        "store": false,
        "string": "Employee",
        "name": "employee_id",
        "states": []
    },
    "child_ids": {
        "type": "one2many",
        "change_default": false,
        "company_dependent": false,
        "context": [],
        "depends": [],
        "domain": [],
        "manual": false,
        "readonly": true,
        "relation": "hr.employee.public",
        "relation_field": "parent_id",
        "required": false,
        "searchable": true,
        "sortable": false,
        "store": true,
        "string": "Direct subordinates",
        "name": "child_ids",
        "states": []
    },
    "image_1920": {
        "type": "binary",
        "attachment": false,
        "change_default": false,
        "company_dependent": false,
        "depends": [
            "employee_id.image_1920"
        ],
        "manual": false,
        "readonly": true,
        "related": "employee_id.image_1920",
        "required": false,
        "searchable": true,
        "sortable": false,
        "store": false,
        "string": "Image",
        "name": "image_1920",
        "states": []
    },
    "image_1024": {
        "type": "binary",
        "attachment": false,
        "change_default": false,
        "company_dependent": false,
        "depends": [
            "employee_id.image_1024"
        ],
        "manual": false,
        "readonly": true,
        "related": "employee_id.image_1024",
        "required": false,
        "searchable": true,
        "sortable": false,
        "store": false,
        "string": "Image 1024",
        "name": "image_1024",
        "states": []
    },
    "image_512": {
        "type": "binary",
        "attachment": false,
        "change_default": false,
        "company_dependent": false,
        "depends": [
            "employee_id.image_512"
        ],
        "manual": false,
        "readonly": true,
        "related": "employee_id.image_512",
        "required": false,
        "searchable": true,
        "sortable": false,
        "store": false,
        "string": "Image 512",
        "name": "image_512",
        "states": []
    },
    "image_256": {
        "type": "binary",
        "attachment": false,
        "change_default": false,
        "company_dependent": false,
        "depends": [
            "employee_id.image_256"
        ],
        "manual": false,
        "readonly": true,
        "related": "employee_id.image_256",
        "required": false,
        "searchable": true,
        "sortable": false,
        "store": false,
        "string": "Image 256",
        "name": "image_256",
        "states": []
    },
    "image_128": {
        "type": "binary",
        "attachment": false,
        "change_default": false,
        "company_dependent": false,
        "depends": [
            "employee_id.image_128"
        ],
        "manual": false,
        "readonly": true,
        "related": "employee_id.image_128",
        "required": false,
        "searchable": true,
        "sortable": false,
        "store": false,
        "string": "Image 128",
        "name": "image_128",
        "states": []
    },
    "avatar_1920": {
        "type": "binary",
        "attachment": false,
        "change_default": false,
        "company_dependent": false,
        "depends": [
            "employee_id.avatar_1920"
        ],
        "manual": false,
        "readonly": true,
        "related": "employee_id.avatar_1920",
        "required": false,
        "searchable": false,
        "sortable": false,
        "store": false,
        "string": "Avatar",
        "name": "avatar_1920",
        "states": []
    },
    "avatar_1024": {
        "type": "binary",
        "attachment": false,
        "change_default": false,
        "company_dependent": false,
        "depends": [
            "employee_id.avatar_1024"
        ],
        "manual": false,
        "readonly": true,
        "related": "employee_id.avatar_1024",
        "required": false,
        "searchable": false,
        "sortable": false,
        "store": false,
        "string": "Avatar 1024",
        "name": "avatar_1024",
        "states": []
    },
    "avatar_512": {
        "type": "binary",
        "attachment": false,
        "change_default": false,
        "company_dependent": false,
        "depends": [
            "employee_id.avatar_512"
        ],
        "manual": false,
        "readonly": true,
        "related": "employee_id.avatar_512",
        "required": false,
        "searchable": false,
        "sortable": false,
        "store": false,
        "string": "Avatar 512",
        "name": "avatar_512",
        "states": []
    },
    "avatar_256": {
        "type": "binary",
        "attachment": false,
        "change_default": false,
        "company_dependent": false,
        "depends": [
            "employee_id.avatar_256"
        ],
        "manual": false,
        "readonly": true,
        "related": "employee_id.avatar_256",
        "required": false,
        "searchable": false,
        "sortable": false,
        "store": false,
        "string": "Avatar 256",
        "name": "avatar_256",
        "states": []
    },
    "avatar_128": {
        "type": "binary",
        "attachment": false,
        "change_default": false,
        "company_dependent": false,
        "depends": [
            "employee_id.avatar_128"
        ],
        "manual": false,
        "readonly": true,
        "related": "employee_id.avatar_128",
        "required": false,
        "searchable": false,
        "sortable": false,
        "store": false,
        "string": "Avatar 128",
        "name": "avatar_128",
        "states": []
    },
    "user_partner_id": {
        "type": "many2one",
        "change_default": false,
        "company_dependent": false,
        "context": [],
        "depends": [
            "user_id.partner_id"
        ],
        "domain": [],
        "help": "Partner-related data of the user",
        "manual": false,
        "readonly": true,
        "related": "user_id.partner_id",
        "relation": "res.partner",
        "required": false,
        "searchable": true,
        "sortable": false,
        "store": false,
        "string": "User's partner",
        "name": "user_partner_id",
        "states": []
    },
    "id": {
        "type": "integer",
        "change_default": false,
        "company_dependent": false,
        "depends": [],
        "manual": false,
        "readonly": true,
        "required": false,
        "searchable": true,
        "sortable": true,
        "store": true,
        "string": "ID",
        "name": "id",
        "states": []
    },
    "__last_update": {
        "type": "datetime",
        "change_default": false,
        "company_dependent": false,
        "depends": [
            "create_date",
            "write_date"
        ],
        "manual": false,
        "readonly": true,
        "required": false,
        "searchable": false,
        "sortable": false,
        "store": false,
        "string": "Last Modified on",
        "name": "__last_update",
        "states": []
    },
    "display_name": {
        "type": "char",
        "change_default": false,
        "company_dependent": false,
        "depends": [
            "name"
        ],
        "manual": false,
        "readonly": true,
        "required": false,
        "searchable": false,
        "sortable": false,
        "store": false,
        "string": "Display Name",
        "translate": false,
        "trim": true,
        "name": "display_name",
        "states": []
    },
    "create_uid": {
        "type": "many2one",
        "change_default": false,
        "company_dependent": false,
        "context": [],
        "depends": [],
        "domain": [],
        "manual": false,
        "readonly": true,
        "relation": "res.users",
        "required": false,
        "searchable": true,
        "sortable": true,
        "store": true,
        "string": "Created by",
        "name": "create_uid",
        "states": []
    },
    "write_uid": {
        "type": "many2one",
        "change_default": false,
        "company_dependent": false,
        "context": [],
        "depends": [],
        "domain": [],
        "manual": false,
        "readonly": true,
        "relation": "res.users",
        "required": false,
        "searchable": true,
        "sortable": true,
        "store": true,
        "string": "Last Updated by",
        "name": "write_uid",
        "states": []
    },
    "write_date": {
        "type": "datetime",
        "change_default": false,
        "company_dependent": false,
        "depends": [],
        "manual": false,
        "readonly": true,
        "required": false,
        "searchable": true,
        "sortable": true,
        "store": true,
        "string": "Last Updated on",
        "name": "write_date",
        "states": []
    },
    "attendance_state": {
        "type": "selection",
        "change_default": false,
        "company_dependent": false,
        "depends": [
            "employee_id.attendance_state"
        ],
        "groups": "hr_attendance.group_hr_attendance_kiosk,hr_attendance.group_hr_attendance",
        "manual": false,
        "readonly": true,
        "related": "employee_id.attendance_state",
        "required": false,
        "searchable": false,
        "selection": [
            [
                "checked_out",
                "Checked out"
            ],
            [
                "checked_in",
                "Checked in"
            ]
        ],
        "sortable": false,
        "store": false,
        "string": "Attendance Status",
        "name": "attendance_state",
        "states": []
    },
    "hours_today": {
        "type": "float",
        "change_default": false,
        "company_dependent": false,
        "depends": [
            "employee_id.hours_today"
        ],
        "group_operator": "sum",
        "groups": "hr_attendance.group_hr_attendance_kiosk,hr_attendance.group_hr_attendance",
        "manual": false,
        "readonly": true,
        "related": "employee_id.hours_today",
        "required": false,
        "searchable": false,
        "sortable": false,
        "store": false,
        "string": "Hours Today",
        "name": "hours_today",
        "states": []
    },
    "last_attendance_id": {
        "type": "many2one",
        "change_default": false,
        "company_dependent": false,
        "context": [],
        "depends": [
            "employee_id.last_attendance_id"
        ],
        "domain": [],
        "groups": "hr_attendance.group_hr_attendance_kiosk,hr_attendance.group_hr_attendance",
        "manual": false,
        "readonly": true,
        "related": "employee_id.last_attendance_id",
        "relation": "hr.attendance",
        "required": false,
        "searchable": true,
        "sortable": false,
        "store": false,
        "string": "Last Attendance",
        "name": "last_attendance_id",
        "states": []
    },
    "total_overtime": {
        "type": "float",
        "change_default": false,
        "company_dependent": false,
        "depends": [
            "employee_id.total_overtime"
        ],
        "group_operator": "sum",
        "groups": "hr_attendance.group_hr_attendance_kiosk,hr_attendance.group_hr_attendance",
        "manual": false,
        "readonly": true,
        "related": "employee_id.total_overtime",
        "required": false,
        "searchable": false,
        "sortable": false,
        "store": false,
        "string": "Total Overtime",
        "name": "total_overtime",
        "states": []
    },
    "first_contract_date": {
        "type": "date",
        "change_default": false,
        "company_dependent": false,
        "depends": [
            "employee_id.first_contract_date"
        ],
        "groups": "base.group_user",
        "manual": false,
        "readonly": true,
        "related": "employee_id.first_contract_date",
        "required": false,
        "searchable": true,
        "sortable": false,
        "store": false,
        "string": "First Contract Date",
        "name": "first_contract_date",
        "states": []
    },
    "mobility_card": {
        "type": "char",
        "change_default": false,
        "company_dependent": false,
        "depends": [],
        "manual": false,
        "readonly": true,
        "required": false,
        "searchable": true,
        "sortable": true,
        "store": true,
        "string": "Mobility Card",
        "translate": false,
        "trim": true,
        "name": "mobility_card",
        "states": []
    },
    "subordinate_ids": {
        "type": "one2many",
        "change_default": false,
        "company_dependent": false,
        "context": [],
        "depends": [
            "child_ids",
            "child_ids.child_all_count"
        ],
        "domain": [],
        "help": "Direct and indirect subordinates",
        "manual": false,
        "readonly": true,
        "relation": "hr.employee.public",
        "required": false,
        "searchable": false,
        "sortable": false,
        "store": false,
        "string": "Subordinates",
        "name": "subordinate_ids",
        "states": []
    },
    "resume_line_ids": {
        "type": "one2many",
        "change_default": false,
        "company_dependent": false,
        "context": [],
        "depends": [],
        "domain": [],
        "manual": false,
        "readonly": true,
        "relation": "hr.resume.line",
        "relation_field": "employee_id",
        "required": false,
        "searchable": true,
        "sortable": false,
        "store": true,
        "string": "Resumé lines",
        "name": "resume_line_ids",
        "states": []
    },
    "employee_skill_ids": {
        "type": "one2many",
        "change_default": false,
        "company_dependent": false,
        "context": [],
        "depends": [],
        "domain": [],
        "manual": false,
        "readonly": true,
        "relation": "hr.employee.skill",
        "relation_field": "employee_id",
        "required": false,
        "searchable": true,
        "sortable": false,
        "store": true,
        "string": "Skills",
        "name": "employee_skill_ids",
        "states": []
    },
    "expense_manager_id": {
        "type": "many2one",
        "change_default": false,
        "company_dependent": false,
        "context": [],
        "depends": [],
        "domain": [],
        "manual": false,
        "readonly": true,
        "relation": "res.users",
        "required": false,
        "searchable": true,
        "sortable": true,
        "store": true,
        "string": "Expense Manager",
        "name": "expense_manager_id",
        "states": []
    }
}